,,,,Receiving,,,Routes Run,,,Air Yards (AY) / Depth of Target ,,,,,,Team %,,After Catch,,,PASS Int(PI),
Name,Team,Pos,G,TAR,REC,YDS,Rts,TPRR%,YPRR,AY,aDOT,AY/Snap,Cmp AY,Catch %,Drop %,AY,TAR,YDS,AVG,YAC%,Drawn,On
Justin Jefferson,MIN,WR,16,179,124,1771,646,27.7,2.74,1789,10,1.8,1161,70.9,2.9,39.4,28.8,610,4.9,34.4,4,1
Tyreek Hill,MIA,WR,16,165,117,1687,473,34.9,3.57,2025,12.3,2.8,1186,70.9,3.6,40.8,30.9,501,4.3,29.7,5,1
Davante Adams,LV,WR,16,171,95,1443,511,33.5,2.82,1999,11.7,2.1,938,55.6,3.5,41.8,32.6,511,5.4,35.4,4,0
A.J. Brown,PHI,WR,16,135,84,1401,469,28.8,2.99,1598,11.8,1.8,855,61.8,5.1,39.9,28.7,546,6.5,39,1,2
Stefon Diggs,BUF,WR,15,144,101,1325,591,24.4,2.24,1513,10.5,2,895,71.6,5.7,34,27.3,430,4.3,32.5,3,2
Jaylen Waddle,MIA,WR,16,112,70,1312,463,24.2,2.83,1350,12.1,1.9,795,63.1,5.4,27.2,20.8,519,7.4,39.6,4,0
CeeDee Lamb,DAL,WR,16,149,102,1307,500,29.8,2.61,1486,10,1.6,829,68.9,2.7,37.5,29.2,478,4.7,36.6,2,1
DeVonta Smith,PHI,WR,16,128,88,1129,499,25.7,2.26,1285,10,1.3,705,68.8,6.3,32.1,27,447,5.1,39.6,2,0
Mike Evans,TB,WR,15,127,77,1124,520,24.4,2.16,1666,13.1,1.9,895,60.2,3.1,36.9,19.8,238,3.1,21.2,6,1
Terry McLaurin,WAS,WR,16,114,74,1117,471,24.2,2.37,1432,12.6,1.5,739,65.5,3.5,34.8,22.2,378,5.1,33.8,2,0
Amon-Ra St. Brown,DET,WR,15,137,100,1112,402,34.1,2.77,820,6,1.1,589,74.1,3,24.6,27.7,523,5.2,47,1,0
Amari Cooper,CLE,WR,16,129,76,1109,472,27.3,2.35,1557,12.1,1.8,814,59.4,7.8,38.6,26.7,295,3.9,26.6,3,2
Tee Higgins,CIN,WR,13,102,73,1022,406,25.1,2.52,1077,10.6,1.6,720,71.6,5.9,31.3,21,302,4.1,29.5,2,1
Garrett Wilson,NYJ,WR,16,130,74,1014,517,25.1,1.96,1312,10.1,1.6,631,56.5,4.6,28.7,23.4,383,5.2,37.8,4,0
Christian Kirk,JAX,WR,16,125,78,1009,540,23.1,1.87,1119,9,1.2,638,62.9,8.1,28.9,22.8,375,4.8,37.2,0,0
DK Metcalf,SEA,WR,16,133,87,1008,512,26,1.97,1457,11,1.8,784,65.4,3.8,36.9,25.4,224,2.6,22.2,2,3
Chris Olave,NO,WR,14,107,67,982,359,29.8,2.74,1520,14.2,2.8,798,62.6,2.8,40.9,25.3,184,2.7,18.7,4,0
Tyler Lockett,SEA,WR,15,110,80,979,476,23.1,2.06,1145,10.4,1.6,706,72.7,0.9,31.1,22.6,273,3.4,27.9,1,0
Chris Godwin,TB,WR,14,135,98,968,484,27.9,2,779,5.8,1,469,73.7,3,18.6,21.7,509,5.2,52.6,1,0
Ja'Marr Chase,CIN,WR,11,122,79,960,473,25.8,2.03,1105,9.1,1.6,557,65.8,6.7,38.1,29,403,5.1,42,3,1
Brandon Aiyuk,SF,WR,16,109,74,956,376,29,2.54,1032,9.5,1.1,586,68.5,4.6,31.8,22.4,370,5,38.7,4,1
JuJu Smith-Schuster,KC,WR,15,99,76,898,456,21.7,1.97,696,7,1,437,77.6,4.1,17.9,17.5,461,6.1,51.3,0,0
Michael Pittman,IND,WR,15,136,96,895,484,28.1,1.85,957,7,1,571,70.6,2.9,29.4,26.4,324,3.4,36.2,1,0
DJ Moore,CAR,WR,16,114,62,878,473,24.1,1.86,1425,12.5,1.6,685,54.4,3.5,46.5,27.4,197,3.2,22.4,1,1
Mike Williams,LAC,WR,12,88,59,863,348,25.3,2.48,1064,12.1,1.6,550,67.8,1.1,34.5,18.4,313,5.3,36.3,0,0
Diontae Johnson,PIT,WR,16,137,84,844,564,24.3,1.5,1411,10.3,1.5,631,61.3,3.6,33,26.3,213,2.5,25.2,6,2
Jerry Jeudy,DEN,WR,14,94,62,818,399,23.6,2.05,980,10.4,1.6,444,66,6.4,26.6,20.8,374,6,45.7,2,0
Cooper Kupp,LAR,WR,9,98,75,812,269,36.4,3.02,691,7.1,1.3,391,76.5,2,35.1,31.1,421,5.6,51.8,1,0
Zay Jones,JAX,WR,15,115,78,802,476,24.2,1.68,994,8.6,1.2,512,67.2,6.9,26.9,22.3,309,4,38.5,1,0
Gabe Davis,BUF,WR,14,83,45,797,547,15.2,1.46,1223,14.7,1.5,646,55.6,9.9,29.5,17,151,3.4,18.9,3,0
Donovan Peoples-Jones,CLE,WR,16,92,59,797,466,19.7,1.71,1096,11.9,1.2,636,63.4,1.1,27.1,19.4,161,2.7,20.2,3,0
Courtland Sutton,DEN,WR,14,102,61,796,444,23,1.79,1218,11.9,1.6,658,59.8,3.9,32,23,138,2.3,17.3,5,1
Jakobi Meyers,NE,WR,13,89,64,772,334,26.6,2.31,868,9.8,1.5,551,72.7,3.4,29.4,22.3,220,3.4,28.5,4,0
Allen Lazard,GB,WR,14,94,56,747,363,25.9,2.06,1135,12.1,1.5,482,59.6,3.2,32.3,21,269,4.8,36,1,0
Drake London,ATL,WR,16,109,66,746,377,28.9,1.98,1050,9.6,1.4,530,61.1,2.8,30.4,30.1,216,3.3,29,3,0
Joshua Palmer,LAC,WR,15,101,68,730,428,23.6,1.71,930,9.2,1.1,505,66.7,2,24.7,17.3,225,3.3,30.8,5,0
George Pickens,PIT,WR,16,78,49,729,506,15.4,1.44,1115,14.3,1.4,617,62,1.3,26.1,15.2,112,2.3,15.4,3,1
Darius Slayton,NYG,WR,13,71,46,724,339,20.9,2.14,842,11.9,1.3,458,64.8,7,37.1,19.4,266,5.8,36.7,3,1
DeAndre Hopkins,ARI,WR,9,96,64,717,264,36.4,2.72,945,9.8,1.8,545,68.1,2.1,42.4,28.7,172,2.7,24,1,0
Tyler Boyd,CIN,WR,15,75,53,711,458,16.4,1.55,701,9.3,1,478,71.6,1.4,18.4,13.4,233,4.4,32.8,0,0
Adam Thielen,MIN,WR,16,104,68,708,574,18.1,1.23,1022,9.8,1.1,549,64.2,0.9,22.5,17.5,159,2.3,22.5,4,0
Marquise Brown,ARI,WR,11,103,66,702,409,25.2,1.72,1090,10.6,1.6,449,64.1,1.9,35.8,24.3,253,3.8,36,5,0
Mack Hollins,LV,WR,16,91,55,675,480,19,1.41,1102,12.1,1.2,482,61.1,3.3,23.1,17.2,193,3.5,28.6,1,0
Marquez Valdes-Scantling,KC,WR,16,75,39,660,476,15.8,1.39,1035,13.8,1.5,536,51.3,6.6,24.7,12.8,124,3.2,18.8,1,0
Curtis Samuel,WAS,WR,15,91,63,658,449,20.3,1.47,635,7,0.9,356,70,4.4,16.1,18.4,302,4.8,45.9,1,2
Keenan Allen,LAC,WR,9,78,58,650,235,33.2,2.77,661,8.5,1.5,432,74.4,1.3,29,22.2,218,3.8,33.5,0,0
Deebo Samuel,SF,WR,12,91,54,612,262,34.7,2.34,411,4.5,0.7,135,58.7,5.4,16.7,24.4,477,8.8,77.9,3,0
Brandin Cooks,HOU,WR,12,87,52,593,386,22.5,1.54,908,10.4,1.6,409,60.5,7,31.4,21,194,3.7,32.7,3,0
Parris Campbell,IND,WR,16,82,57,581,472,17.4,1.23,517,6.3,0.6,302,68.7,3.6,14.7,15.2,279,4.9,48,2,0
Richie James,NYG,WR,14,70,57,569,328,21.3,1.73,471,6.7,0.9,375,80.3,4.2,19.3,17.6,194,3.4,34.1,0,1
Alec Pierce,IND,WR,15,74,38,551,347,21.3,1.59,857,11.6,1.3,440,52.1,1.4,26.3,14.1,111,2.9,20.1,2,0
Kalif Raymond,DET,WR,15,58,43,550,287,20.2,1.92,544,9.4,1.1,329,75.4,0,15.8,11.6,221,5.1,40.2,0,0
Noah Brown,DAL,WR,14,67,42,545,331,20.2,1.65,721,10.8,1,419,63.6,6.1,20.6,14.6,126,3,23.1,3,0
K.J. Osborn,MIN,WR,16,84,55,533,521,16.1,1.02,642,7.6,0.8,276,65.5,2.4,14.1,13.8,257,4.7,48.2,1,1
Chris Moore,HOU,WR,14,68,46,526,337,20.2,1.56,547,8,1,265,66.7,2.9,16.2,14.8,261,5.7,49.6,2,0
Corey Davis,NYJ,WR,12,61,31,519,311,19.6,1.67,844,13.8,1.5,410,50.8,6.6,24.5,13.6,109,3.5,21,0,0
Christian Watson,GB,WR,13,60,36,507,180,33.3,2.82,764,12.7,1.7,268,61,8.5,23.5,14.7,239,6.6,47.1,2,0
Marvin Jones,JAX,WR,15,75,44,500,413,18.2,1.21,947,12.6,1.5,412,59.5,8.1,25.1,14.2,88,2,17.6,3,0
Olamide Zaccheaus,ATL,WR,15,54,36,496,287,18.8,1.73,620,11.5,1,314,66.7,3.7,18.7,16.1,182,5.1,36.7,3,0
DeAndre Carter,LAC,WR,15,60,43,495,372,16.1,1.33,497,8.3,0.8,314,71.7,1.7,13,9.8,181,4.2,36.6,1,0
Darnell Mooney,CHI,WR,11,61,40,493,301,20.3,1.64,708,11.6,1.2,315,65.6,3.3,35.4,27.7,178,4.5,36.1,1,0
DJ Chark,DET,WR,10,48,27,488,265,18.1,1.84,775,16.1,1.6,355,56.3,4.2,31.6,13.8,133,4.9,27.3,1,0
Robert Woods,TEN,WR,16,86,49,487,379,22.7,1.28,731,8.5,1,341,57.6,7.1,22.8,20.8,146,3,30,1,0
Nico Collins,HOU,WR,10,66,37,481,243,27.2,1.98,731,11.1,1.7,332,56.1,3,31.3,19,149,4,31,2,0
Terrace Marshall,CAR,WR,12,44,26,467,262,16.8,1.78,552,12.5,1,338,59.1,4.5,24,14.5,129,5,27.6,1,0
Josh Reynolds,DET,WR,11,57,37,463,289,19.7,1.6,671,11.8,1.3,346,66.1,3.6,22.7,14.6,117,3.2,25.3,2,1
DeVante Parker,NE,WR,11,40,25,460,218,18.3,2.11,610,15.3,1.4,347,62.5,0,25.4,11.9,113,4.5,24.6,0,0
Rashid Shaheed,NO,WR,10,30,25,454,140,21.4,3.24,350,11.7,1.5,280,83.3,0,16,10.8,174,7,38.3,0,0
Jahan Dotson,WAS,WR,11,57,32,451,294,19.4,1.53,747,13.1,1.3,355,58.2,5.5,24.6,15.2,96,3,21.3,0,0
Greg Dortch,ARI,WR,10,60,48,437,261,23,1.67,346,5.8,0.8,152,78.7,0,13.5,15.4,286,6,65.4,0,0
Elijah Moore,NYJ,WR,13,64,36,435,397,16.1,1.1,738,11.5,1.2,334,57.1,1.6,17.5,12.7,101,2.8,23.2,0,1
Demarcus Robinson,BAL,WR,15,66,46,434,265,24.9,1.64,611,9.3,1.1,295,69.7,3,18.1,16.3,139,3,32,1,0
Treylon Burks,TEN,WR,10,47,29,425,215,21.9,1.98,587,12.5,1.8,274,60.4,6.3,26.9,17.1,151,5.2,35.5,0,0
Romeo Doubs,GB,WR,12,65,42,425,280,23.2,1.52,575,8.8,1.2,228,65.6,4.7,19.8,16,199,4.7,46.8,0,0
Trent Sherfield,MIA,WR,16,51,30,417,328,15.5,1.27,545,10.7,1,264,57.7,5.8,11,9.7,153,5.1,36.7,0,0
Rondale Moore,ARI,WR,7,56,41,414,276,20.3,1.5,298,5.3,0.7,133,73.2,7.1,18,22.9,281,6.9,67.9,2,2
Michael Gallup,DAL,WR,13,68,38,414,359,18.9,1.15,711,10.5,1.1,304,55.9,10.3,22.4,16.7,110,2.9,26.6,3,0
Russell Gage,TB,WR,12,64,48,411,304,21.1,1.35,321,5,0.7,243,73.8,4.6,9.1,12.5,168,3.5,40.9,0,1
Devin Duvernay,BAL,WR,14,49,37,407,285,17.2,1.43,432,8.8,0.7,246,77.1,2.1,13.8,12.5,161,4.4,39.6,0,0
Randall Cobb,GB,WR,12,48,32,406,203,23.6,2,447,9.3,1.3,223,66.7,4.2,15.4,12.3,183,5.7,45.1,1,0
Jauan Jennings,SF,WR,15,54,34,406,217,24.9,1.87,451,8.4,1,227,63,7.4,14.7,11.8,179,5.3,44.1,0,0
Isaiah McKenzie,BUF,WR,14,62,40,404,395,15.7,1.02,512,8.3,1,276,64.5,6.5,12.7,12.9,128,3.2,31.7,1,0
Nick Westbrook-Ikhine,TEN,WR,14,49,25,397,322,15.2,1.23,632,12.9,1,278,51,4.1,20.6,12.9,119,4.8,30,1,1
Kendrick Bourne,NE,WR,15,43,31,389,223,19.3,1.74,449,10.4,1.2,262,72.1,7,13.4,9.5,127,4.1,32.6,0,0
Marquise Goodwin,SEA,WR,12,42,27,387,274,15.3,1.41,445,10.6,1.2,266,65.9,4.9,14.7,10,121,4.5,31.3,0,1
Ben Skowronek,LAR,WR,14,61,39,376,286,21.3,1.31,451,7.4,0.7,224,63.9,1.6,15.1,13.7,152,3.9,40.4,0,0
Nelson Agholor,NE,WR,13,52,31,362,213,24.4,1.7,593,11.4,1.4,210,59.6,5.8,20.4,13.4,152,4.9,42,1,0
Isaiah Hodgins,NYG,WR,8,42,33,351,204,20.6,1.72,377,9,0.9,277,80.5,0,26.7,17.1,74,2.2,21.1,1,1
Quez Watkins,PHI,WR,15,47,31,340,301,15.6,1.13,439,9.3,0.8,197,67.4,0,11.3,10.3,143,4.6,42.1,3,0
Allen Robinson,LAR,WR,10,52,33,339,262,19.8,1.29,464,8.9,0.8,259,64.7,3.9,20.8,14.9,80,2.4,23.6,1,0
Equanimeous St. Brown,CHI,WR,13,37,20,320,172,21.5,1.86,470,12.7,1,218,54.1,5.4,20.8,14.1,95,4.8,29.7,0,0
Chase Claypool,PIT,WR,8,50,32,311,328,15.2,0.95,527,10.5,1.2,229,64,2,21.9,17.4,101,3.2,32.5,0,1
Kendall Hinton,DEN,WR,11,33,24,311,263,12.5,1.18,261,7.9,0.6,171,75,9.4,9.6,9.4,140,5.8,45,0,0
Van Jefferson,LAR,WR,9,37,21,308,173,21.4,1.78,550,14.9,1.4,290,56.8,2.7,30.9,15.6,18,0.9,5.8,2,0
Julio Jones,TB,WR,10,42,24,299,181,23.2,1.65,617,14.7,1.9,176,55.8,0,20.4,9.8,123,5.1,41.1,1,0
Mecole Hardman,KC,WR,8,34,25,297,208,16.3,1.43,271,8,1,130,73.5,2.9,12.3,10.8,167,6.7,56.2,1,0
Shi Smith,CAR,WR,14,40,22,296,320,12.5,0.93,340,8.5,0.8,199,55,7.5,12.5,10.6,97,4.4,32.8,1,1
Rashod Bateman,BAL,WR,6,28,15,285,119,23.5,2.39,368,13.1,2,151,53.6,10.7,27.3,17.3,134,8.9,47,0,0
Tre'Quan Smith,NO,WR,8,26,18,272,125,20.8,2.18,303,11.7,1.1,210,69.2,7.7,13.9,10.1,62,3.4,22.8,0,0
Jarvis Landry,NO,WR,9,39,25,272,176,22.2,1.55,364,9.3,1.3,207,64.1,5.1,13.6,14.4,65,2.6,23.9,0,1
Tutu Atwell,LAR,WR,10,32,16,271,100,32,2.71,529,16.5,2.2,211,50,3.1,25.9,11.3,70,4.4,25.8,2,0
Damiere Byrd,ATL,WR,11,22,12,268,139,15.8,1.93,455,20.7,1.8,163,54.5,0,18.4,8.9,105,8.8,39.2,0,0
Hunter Renfrow,LV,WR,9,43,29,267,230,18.7,1.16,318,7.4,1,142,67.4,0,11.6,14.6,125,4.3,46.8,0,0
Laviska Shenault,CAR,WR,11,31,26,264,128,24.2,2.06,-27,-0.9,-0.1,-64,83.9,6.5,-1.3,11.7,328,12.6,124.2,0,0
Phillip Dorsett,HOU,WR,14,40,20,257,238,16.8,1.08,444,11.1,1,201,50,7.5,13.5,8.8,56,2.8,21.8,0,0
Skyy Moore,KC,WR,12,33,22,250,143,23.1,1.75,233,7.1,1,99,68.8,3.1,7.2,6.9,171,7.8,68.4,0,0
Justin Watson,KC,WR,16,32,14,248,246,13,1.01,534,16.7,1.2,217,43.8,15.6,12.7,5.4,31,2.2,12.5,0,0
Ray-Ray McCloud,SF,WR,14,25,14,243,134,18.7,1.81,278,11.1,1.2,145,58.3,8.3,9.9,5.8,98,7,40.3,0,0
Tyquan Thornton,NE,WR,11,43,21,234,208,20.7,1.13,589,13.7,1.3,168,48.8,9.3,26.1,13.1,66,3.1,28.2,0,0
Wan'Dale Robinson,NYG,WR,6,31,23,227,164,18.9,1.38,173,5.6,0.8,94,74.2,6.5,15,19,133,5.8,58.6,0,1
Dante Pettis,CHI,WR,13,35,17,226,205,17.1,1.1,329,9.4,0.8,173,48.6,11.4,13,12.2,53,3.1,23.5,0,1
Trenton Irwin,CIN,WR,8,21,14,219,157,13.4,1.39,250,11.9,1,163,66.7,0,13,7.3,56,4,25.6,0,0
David Bell,CLE,WR,13,33,24,214,252,13.1,0.85,220,6.7,0.5,142,75,6.3,6.1,7.8,72,3,33.6,0,0
Ashton Dulin,IND,WR,7,22,15,207,67,32.8,3.09,268,12.2,1.8,171,68.2,0,15.9,8.7,36,2.4,17.4,0,0
Sammy Watkins,GB,WR,7,22,13,206,131,16.8,1.57,250,11.4,1,142,59.1,4.5,14.9,10.1,64,4.9,31.1,0,0
Robbie Anderson,CAR,WR,5,27,13,206,161,16.8,1.28,337,12.5,1.4,143,48.1,3.7,31,17.6,63,4.8,30.6,1,0
KhaDarel Hodge,ATL,WR,9,20,13,202,49,40.8,4.12,260,13,2.3,138,61.9,9.5,12.2,9.9,64,4.9,31.7,0,0
Denzel Mims,NYJ,WR,9,25,11,186,136,18.4,1.37,304,12.2,1.2,104,44,12,11.9,8.1,82,7.5,44.1,0,0
Jamal Agnew,JAX,WR,13,29,22,179,75,38.7,2.39,169,5.8,1.4,58,75.9,10.3,5.4,6.6,121,5.5,67.6,0,0
Scotty Miller,TB,WR,10,38,22,177,145,26.2,1.22,449,11.8,2.1,145,57.9,2.6,15.8,8.5,32,1.5,18.1,2,0
Michael Thomas,NO,WR,3,22,16,171,99,22.2,1.73,223,10.1,1.7,144,72.7,4.5,17.8,19.8,27,1.7,15.8,0,1
KJ Hamler,DEN,WR,6,14,7,165,120,11.7,1.38,362,25.9,1.8,140,46.7,0,19.3,7.5,25,3.6,15.2,1,0
Marquez Callaway,NO,WR,9,31,16,158,151,20.5,1.05,342,11,1.1,124,53.3,10,14.5,10.6,34,2.1,21.5,0,0
Sterling Shepard,NYG,WR,3,24,13,154,65,36.9,2.37,230,9.6,1.5,102,54.2,12.5,43.9,28.2,52,4,33.8,1,0
Brandon Powell,LAR,WR,13,29,23,154,95,30.5,1.62,23,0.8,0.1,-25,79.3,0,0.9,7.9,179,7.8,116.2,0,0
Kadarius Toney,KC,WR,6,15,12,153,64,23.4,2.39,86,5.7,1,67,80,6.7,5.1,6.3,86,7.2,56.2,0,0
DeSean Jackson,BAL,WR,7,17,9,153,50,34,3.06,291,17.1,2.8,129,52.9,0,20.7,10.2,24,2.7,15.7,0,0
Zach Pascal,PHI,WR,12,19,15,150,87,21.8,1.72,114,6,0.4,60,78.9,0,3.4,5.3,90,6,60,0,0
A.J. Green,ARI,WR,12,42,21,145,239,17.6,0.61,421,10,0.9,125,50,2.4,12.8,8.9,20,1,13.8,0,1
Braxton Berrios,NYJ,WR,14,32,18,145,161,19.9,0.9,198,6.2,0.7,46,56.3,6.3,5.1,6.6,99,5.5,68.3,1,1
Dyami Brown,WAS,WR,7,14,5,143,49,28.6,2.92,364,26,3.6,117,35.7,0,20.8,7,26,5.2,18.2,0,0
Tom Kennedy,DET,WR,6,16,8,141,118,13.6,1.19,127,7.9,0.6,69,57.1,0,11.2,8.4,72,9,51.1,0,1
Cedrick Wilson,MIA,WR,9,18,12,136,104,17.3,1.31,184,10.2,1,90,70.6,0,6.8,5.7,46,3.8,33.8,0,0
Keelan Cole,LV,WR,8,19,9,136,167,11.4,0.81,319,16.8,1.3,117,47.4,10.5,12.7,7,19,2.1,14,1,0
Jeff Smith,NYJ,WR,7,11,8,134,55,20,2.44,135,12.3,1.3,92,72.7,0,7.1,5.1,42,5.3,31.3,0,0
Khalil Shakir,BUF,WR,9,18,9,133,89,20.2,1.49,175,9.7,1,71,50,5.6,6.6,6.1,62,6.9,46.6,1,0
Amari Rodgers,HOU,WR,4,13,9,132,72,18.1,1.83,126,9.7,1.2,88,75,0,12.5,9.8,44,4.9,33.3,0,0
Byron Pringle,CHI,WR,7,15,9,130,109,13.8,1.19,280,18.7,1.4,119,56.3,0,24.5,11.4,11,1.2,8.5,0,0
Jalen Nailor,MIN,WR,4,8,5,117,13,61.5,9,106,13.3,4.6,79,62.5,0,8.5,5.3,38,7.6,32.5,0,0
Chase Claypool,CHI,WR,6,23,12,111,72,31.9,1.54,212,9.2,1.4,75,52.2,4.3,18.4,17.6,36,3,32.4,2,0
N'Keal Harry,CHI,WR,5,7,6,109,39,17.9,2.79,104,14.9,0.8,90,85.7,0,10.2,6.1,19,3.2,17.4,1,0
David Sills,NYG,WR,7,17,11,106,78,21.8,1.36,135,7.9,0.6,66,64.7,5.9,10.7,8.9,40,3.6,37.7,0,0
Steven Sims,PIT,WR,9,23,14,104,115,20,0.9,128,5.6,0.5,41,60.9,0,6,8.4,63,4.5,60.6,0,0
T.Y. Hilton,DAL,WR,2,6,5,102,21,28.6,4.86,104,17.3,3.4,74,83.3,0,18.5,7.9,28,5.6,27.5,0,0
Breshad Perriman,TB,WR,7,17,8,101,85,20,1.19,234,13.8,1.5,54,47.1,5.9,11.4,6.1,47,5.9,46.5,0,0
River Cracraft,MIA,WR,7,13,8,97,50,26,1.94,119,9.2,1.1,72,61.5,0,5,5.1,25,3.1,25.8,0,0
Michael Bandy,LAC,WR,7,21,10,89,121,17.4,0.74,184,8.8,1,65,47.6,4.8,9.6,7.1,24,2.4,27,0,0
Cam Sims,WAS,WR,11,17,8,89,129,13.2,0.69,247,14.5,0.9,67,47.1,11.8,9,4.9,22,2.8,24.7,0,0
Jalen Reagor,MIN,WR,9,11,6,87,29,37.9,3,158,14.4,3.3,60,54.5,0,5.9,3.2,27,4.5,31,0,0
Samori Toure,GB,WR,4,10,5,82,46,21.7,1.78,171,17.1,2.6,69,50,0,16.1,7.7,13,2.6,15.9,1,0
Velus Jones,CHI,WR,6,12,6,79,49,24.5,1.61,187,15.6,1.9,41,50,8.3,15.8,8.8,38,6.3,48.1,0,0
Kyle Philips,TEN,WR,4,13,8,78,48,27.1,1.63,95,7.3,1.7,56,61.5,7.7,12.9,13.4,22,2.8,28.2,0,0
Robbie Anderson,ARI,WR,7,17,7,76,87,19.5,0.87,284,16.7,1.9,52,41.2,5.9,15.7,6.9,24,3.4,31.6,0,0
Jalen Virgil,DEN,WR,4,5,2,75,34,14.7,2.21,77,15.4,1.5,31,40,0,6.7,3.6,44,22,58.7,0,0
Kevin White,NO,WR,4,5,2,74,44,11.4,1.68,90,18,1.1,6,40,20,8.2,3.7,68,34,91.9,0,0
Jalen Guyton,LAC,WR,2,4,2,64,16,25,4,109,27.3,5.2,55,50,0,18.9,5.3,9,4.5,14.1,0,0
Jake Kumerow,BUF,WR,4,7,4,64,38,18.4,1.68,71,10.1,1,46,57.1,0,5.4,4.6,18,4.5,28.1,0,0
Marcus Johnson,NYG,WR,4,16,6,63,115,13.9,0.55,151,9.4,0.8,35,37.5,18.8,20.8,14.4,28,4.7,44.4,0,0
James Proche,BAL,WR,6,14,8,62,58,24.1,1.07,112,8,1,45,57.1,7.1,9.3,7.9,17,2.1,27.4,0,0
Trent Taylor,CIN,WR,5,10,6,62,54,18.5,1.15,47,4.7,0.5,21,60,0,4.1,5.9,41,6.8,66.1,0,0
Jamison Crowder,BUF,WR,4,13,6,60,76,17.1,0.79,117,9,1.3,29,46.2,7.7,11.1,8.1,31,5.2,51.7,0,0
Mike Strachan,IND,WR,5,9,3,59,48,18.8,1.23,133,14.8,1.8,48,33.3,0,10.1,4.6,11,3.7,18.6,0,0
Dee Eskridge,SEA,WR,8,13,7,58,90,14.4,0.64,49,3.8,0.3,12,53.8,7.7,3,5.6,46,6.6,79.3,1,0
Cody Hollister,TEN,WR,4,5,3,54,31,16.1,1.74,76,15.2,0.9,45,60,0,12,6.9,9,3,16.7,0,0
Gunner Olszewski,PIT,WR,4,7,5,53,51,13.7,1.04,57,8.1,0.6,39,71.4,0,5.6,6,14,2.8,26.4,0,0
Anthony Schwartz,CLE,WR,6,10,4,51,45,22.2,1.13,146,14.6,2.1,22,40,30,7.7,5.2,29,7.3,56.9,0,1
Kenny Golladay,NYG,WR,5,10,4,51,63,15.9,0.81,95,9.5,0.7,37,40,30,10.6,8,14,3.5,27.5,0,1
Amari Rodgers,GB,WR,4,8,4,50,46,17.4,1.09,104,13,1.3,44,50,12.5,8.9,5.5,19,4.8,34.5,0,1
Chris Conley,TEN,WR,3,5,4,46,44,11.4,1.05,69,13.8,1,42,80,0,10.5,6.5,4,1,8.7,0,0
Laquon Treadwell,SEA,WR,3,10,6,42,62,16.1,0.68,54,5.4,0.5,29,60,10,6.8,9.7,13,2.2,31,0,0
Brandon Johnson,DEN,WR,4,14,6,42,0,0,0,0,0,0,0,0,0,0,0,0,0,0,0,0
Jameson Williams,DET,WR,5,8,1,41,26,30.8,1.58,137,17.1,2.3,37,12.5,12.5,11.8,4.4,4,4,9.8,0,0
Isaiah Hodgins,BUF,WR,1,6,4,41,10,60,4.1,42,7,3.5,20,66.7,0,10.4,17.6,21,5.3,51.2,0,0
Racey McMath,TEN,WR,3,8,2,40,37,21.6,1.08,174,21.8,3.6,33,25,0,20.7,7.8,7,3.5,17.5,0,0
Sammy Watkins,BAL,WR,1,1,1,40,7,14.3,5.71,26,26,1.6,26,100,0,14.7,6.7,14,14,35,0,0
Andre Baccellia,ARI,WR,4,9,6,39,50,18,0.78,70,7.8,0.9,27,66.7,0,6.1,5.4,12,2,30.8,0,0
Mike Thomas,CIN,WR,4,10,2,38,81,12.3,0.47,123,12.3,0.9,14,20,10,12.7,6.4,24,12,63.2,1,0
Dax Milne,WAS,WR,7,7,6,37,29,24.1,1.28,35,5,0.6,21,85.7,0,2.1,3,16,2.7,43.2,0,0
Tim Jones,JAX,WR,4,4,3,30,0,0,0,0,0,0,0,0,0,0,0,0,0,0,0,0
Tim Jones,JAX,WR,4,4,3,30,25,16,1.2,4,1,0.1,6,75,25,0.4,3.3,24,8,80,0,0
Michael Woods,CLE,WR,5,9,4,30,44,20.5,0.68,152,16.9,1.9,22,44.4,0,10.9,6,8,2,26.7,0,0
Tyrie Cleveland,DEN,WR,3,7,2,28,38,18.4,0.74,59,8.4,1,10,33.3,0,6,5.8,18,9,64.3,0,0
Jaelon Darden,TB,WR,2,2,2,26,18,11.1,1.44,11,5.5,0.6,11,100,0,1.8,2.2,15,7.5,57.7,0,0
Daylen Baldwin,CLE,WR,1,2,2,25,5,40,5,25,12.5,2.1,25,100,0,23.6,7.7,0,0,0,0,0
Simi Fehoko,DAL,WR,2,4,3,24,14,28.6,1.71,49,12.3,2.9,13,75,0,8,5.7,11,3.7,45.8,0,0
Dezmon Patmon,IND,WR,1,6,2,24,17,35.3,1.41,73,12.2,3.3,16,33.3,16.7,26.9,20.7,8,4,33.3,0,0
Andy Isabella,ARI,WR,2,5,2,21,34,14.7,0.62,64,12.8,1.2,15,40,0,11.6,5.5,6,3,28.6,0,0
Tylan Wallace,BAL,WR,4,6,3,21,24,25,0.88,83,13.8,2.2,15,50,0,6.6,5.1,6,2,28.6,0,0
Keke Coutee,IND,WR,1,1,1,20,1,100,20,9,9,9,9,100,0,5.8,3.7,11,11,55,0,0
Freddie Swain,DEN,WR,2,3,2,20,46,6.5,0.43,12,4,0.1,4,66.7,0,2.8,5.4,16,8,80,0,0
Penny Hart,SEA,WR,3,4,3,20,21,19,0.95,30,7.5,1.2,7,75,0,3.5,3.3,13,4.3,65,0,0
Lil'Jordan Humphrey,NE,WR,3,4,2,20,38,10.5,0.53,23,5.8,0.2,5,50,0,2.9,4.7,15,7.5,75,0,0
Cole Beasley,BUF,WR,2,2,2,18,15,13.3,1.2,12,6,0.8,12,100,0,1.8,3.2,6,3,33.3,0,0
Keith Kirkwood,NO,WR,3,4,2,18,35,11.4,0.51,55,13.8,0.6,15,50,0,9.8,5.7,3,1.5,16.7,0,0
Cole Beasley,TB,WR,2,5,4,17,9,55.6,1.89,11,2.2,1.1,7,80,20,1.8,5.4,10,2.5,58.8,0,0
Braylon Sanders,MIA,WR,2,3,2,17,15,20,1.13,41,13.7,1.6,14,66.7,0,6.4,4.7,3,1.5,17.6,0,0
Juwann Winfree,GB,WR,3,4,1,17,25,16,0.68,53,13.3,1.6,12,25,25,7.4,3.6,5,5,29.4,0,0
Dennis Houston,DAL,WR,2,6,2,16,44,13.6,0.36,81,13.5,1.5,10,33.3,0,14.6,8.5,6,3,37.5,0,0
Quintez Cephus,DET,WR,1,3,2,15,15,20,1,16,5.3,0.5,11,66.7,0,4.2,7.7,4,2,26.7,0,0
Bryan Edwards,ATL,WR,4,5,3,15,37,13.5,0.41,37,7.4,0.6,5,60,0,4.1,4.9,10,3.3,66.7,0,0
Ihmir Smith-Marsette,CHI,WR,3,4,1,15,23,17.4,0.65,24,6,0.5,9,25,25,3.7,5.9,6,6,40,0,0
Nsimba Webster,CHI,WR,1,3,2,14,7,42.9,2,22,7.3,2.2,10,66.7,0,14.4,14.3,4,2,28.6,0,0
Deonte Harty,NO,WR,2,2,2,13,13,15.4,1,6,3,0.3,6,100,0,0.7,2.8,7,3.5,53.8,0,0
Austin Trammell,LAR,WR,2,4,2,13,9,44.4,1.44,27,6.8,1.3,13,50,0,5.2,6.8,0,0,0,0,0
Jalen Tolbert,DAL,WR,2,3,2,12,8,37.5,1.5,42,14,1.2,11,66.7,0,11,5.1,1,0.5,8.3,0,0
Miles Boykin,PIT,WR,3,3,2,11,8,37.5,1.38,44,14.7,1.2,11,66.7,0,5.3,2.8,0,0,0,0,0
Danny Gray,SF,WR,4,7,1,10,15,46.7,0.67,149,21.3,4.4,6,14.3,0,17.6,5.8,4,4,40,0,0
KaVontae Turpin,DAL,WR,2,2,1,9,3,66.7,3,8,4,2,3,50,0,1.4,2.5,6,6,66.7,0,0
Tyron Johnson,HOU,WR,1,1,1,8,13,7.7,0.62,-2,-2,-0.1,-2,100,0,-1.2,4.8,10,10,125,0,0
Jalen Camp,HOU,WR,1,1,1,7,6,16.7,1.17,7,7,0.5,7,100,0,4.3,4.8,0,0,0,0,0
Maurice Alexander,DET,WR,1,1,1,7,1,100,7,2,2,2,2,100,0,0.8,2.8,5,5,71.4,0,0
Deven Thompkins,TB,WR,1,1,1,7,5,20,1.4,5,5,0.4,5,100,0,1.6,2.4,2,2,28.6,0,0
C.J. Board,TEN,WR,1,1,1,6,0,0,0,6,6,0.4,6,100,0,3.7,4,0,0,0,0,0
Jacob Harris,LAR,WR,1,1,1,6,0,0,0,5,5,0,5,100,0,3.4,4.2,1,1,16.7,0,0
Jason Moore,LAC,WR,1,2,1,5,15,13.3,0.33,25,12.5,1.6,5,50,0,8.4,3.9,0,0,0,0,0
Mason Kinsey,TEN,WR,1,1,1,3,9,11.1,0.33,3,3,0.2,3,100,0,2.1,5,0,0,0,0,0
Cody White,PIT,WR,1,1,1,2,0,0,0,0,0,0,0,100,0,0,3.6,2,2,100,0,0
Montrell Washington,DEN,WR,7,9,4,2,25,36,0.08,146,16.2,3.6,-12,44.4,11.1,7.9,4.7,14,3.5,700,0,0
Chris Conley,HOU,WR,1,2,0,0,4,50,0,18,9,2,0,0,50,7.1,5.6,0,0,0,0,0
John Brown,BUF,WR,1,1,0,0,1,100,0,42,42,14,0,0,0,19.7,3.7,0,0,0,0,0
Tanner Gentry,BUF,WR,1,1,0,0,8,12.5,0,8,8,0.7,0,0,0,2,2.9,0,0,0,0,0
Stanley Morgan,CIN,WR,1,1,0,0,3,33.3,0,0,0,0,0,0,0,0,2.9,0,0,0,0,0
James Washington,DAL,WR,1,1,0,0,7,14.3,0,6,6,0.5,0,0,0,1.8,2.6,0,0,0,0,0
Kadarius Toney,NYG,WR,1,3,2,0,16,18.8,0,-9,-3,-0.3,-7,66.7,33.3,-4.8,9.4,7,3.5,0,0,1
Lance McCutcheon,LAR,WR,2,5,0,0,18,27.8,0,57,11.4,1.8,0,0,25,16.3,9.5,0,0,0,0,0
DJ Turner,LV,WR,1,1,0,0,2,50,0,-3,-3,-0.8,0,0,100,-1.7,5.3,0,0,0,0,0
Cade Johnson,SEA,WR,1,2,0,0,18,11.1,0,20,10,0.8,0,0,0,7.7,6.9,0,0,0,0,0
Josh Gordon,TEN,WR,1,1,0,0,8,12.5,0,13,13,0.8,0,0,0,7,4.5,0,0,0,0,0
